date,open,high,close,low,volume,price_change,p_change,ma5,ma10,ma20,v_ma5,v_ma10,v_ma20
2020-04-17,71.1,73.32,72.4,70.79,903679.5,2.02,2.87,70.956,70.363,69.796,470600.79,488962.22,564801.32
2020-04-16,70.5,70.71,70.38,70.16,282942.59,-0.47,-0.66,70.674,70.09,69.566,443114.82,449797.2,581455.38
2020-04-15,71.07,71.38,70.85,70.65,381515.22,-0.17,-0.24,70.526,69.984,69.541,460187.93,477195.81,609917.31
2020-04-14,70.68,71.17,71.02,70.25,429696.78,0.89,1.27,70.234,69.816,69.605,456376.62,481581.07,638387.69
2020-04-13,70.45,70.79,70.13,70.0,355169.88,-0.86,-1.21,70.024,69.629,69.654,494306.79,485406.99,665861.52
2020-04-10,69.65,72.43,70.99,69.38,766249.62,1.35,1.94,69.77,69.588,69.883,507323.64,510198.43,706410.9
2020-04-09,69.65,69.96,69.64,69.38,368308.16,0.25,0.36,69.506,69.508,70.166,456479.58,488560.44,713162.95
2020-04-08,69.57,69.8,69.39,69.32,362458.66,-0.58,-0.83,69.442,69.579,70.592,494203.68,544548.25,724317.74
2020-04-07,70.08,70.3,69.97,69.56,619347.62,1.11,1.61,69.398,69.535,71.081,506785.53,587465.7,742045.13
2020-04-03,69.1,69.26,68.86,68.41,420254.16,-0.81,-1.16,69.234,69.214,71.49,476507.2,593938.91,763831.88
2020-04-02,68.4,69.67,69.67,67.76,512029.28,0.35,0.51,69.406,69.228,72.092,513073.21,640640.43,772028.47
2020-04-01,69.0,70.47,69.32,68.9,556928.69,0.15,0.22,69.51,69.042,72.731,520641.31,713113.56,794459.14
2020-03-31,70.11,70.35,69.17,69.01,425367.88,0.02,0.03,69.716,69.097,73.294,594892.81,742638.8,800491.44
2020-03-30,68.6,69.39,69.15,68.45,467955.97,-0.57,-0.82,69.672,69.394,73.81,668145.87,795194.3,813134.96
2020-03-27,71.25,71.29,69.72,69.72,603084.25,-0.47,-0.67,69.194,69.679,74.332,711370.61,846316.05,825353.33
2020-03-26,69.48,71.0,70.19,69.35,549869.75,-0.16,-0.23,69.05,70.178,74.732,768207.64,902623.38,844395.28
2020-03-25,70.6,71.23,70.35,69.88,928186.19,1.4,2.03,68.574,70.824,75.212,905585.81,937765.45,850241.45
2020-03-24,67.95,69.05,68.95,67.82,791633.19,2.19,3.28,68.478,71.604,75.686,890384.8,904087.23,846040.46
2020-03-23,66.0,67.5,66.76,66.0,684079.69,-2.24,-3.25,69.116,72.627,76.248,922242.74,896624.56,849908.85
2020-03-20,68.71,69.4,69.0,67.35,887269.38,1.19,1.75,70.164,73.765,76.946,981261.49,933724.85,867460.01
2020-03-19,69.1,69.87,67.81,66.32,1236760.62,-2.06,-2.95,71.306,74.956,77.615,1037039.11,903416.52,877791.84
2020-03-18,72.53,72.88,69.87,69.85,852181.12,-2.27,-3.15,73.074,76.42,78.388,969945.09,875804.73,857605.94
2020-03-17,71.65,73.0,72.14,70.89,950922.88,0.14,0.19,74.73,77.491,78.98,917789.65,858344.07,838020.59
2020-03-16,74.5,74.52,72.0,71.8,979173.44,-2.71,-3.63,76.138,78.226,79.45,871006.38,831075.62,816134.45
2020-03-13,72.14,75.98,74.71,72.1,1166157.5,-1.94,-2.53,77.366,78.984,79.97,886188.21,804390.61,801081.72
2020-03-12,77.25,77.48,76.65,76.53,901290.5,-1.5,-1.92,78.606,79.285,80.284,769793.92,786167.18,764212.11
2020-03-11,79.18,79.25,78.15,78.15,591403.94,-1.03,-1.3,79.766,79.599,80.474,781664.36,762717.44,747277.79
2020-03-10,78.14,79.78,79.18,77.83,717006.5,1.04,1.33,80.252,79.767,80.627,798898.49,787993.7,739924.54
2020-03-09,78.91,79.0,78.14,78.02,1055082.62,-2.77,-3.42,80.314,79.868,80.724,791144.86,803193.14,733290.33
2020-03-06,81.57,81.92,80.91,80.8,584186.06,-1.54,-1.87,80.602,80.126,80.832,722593.01,801195.18,710216.42
2020-03-05,81.01,82.76,82.45,80.62,960642.69,1.87,2.32,79.964,80.273,80.838,802540.43,852167.16,705588.64
2020-03-04,79.9,80.75,80.58,79.9,677574.56,1.09,1.37,79.432,80.356,80.792,743770.53,839407.15,691165.99
2020-03-03,80.48,80.57,79.49,79.26,678238.38,-0.09,-0.11,79.282,80.468,80.782,777088.91,817697.11,694947.11
2020-03-02,78.32,80.2,79.58,78.32,712323.38,1.86,2.39,79.422,80.674,80.829,815241.43,801193.29,721709.22
2020-02-28,78.6,79.29,77.72,77.71,983923.12,-2.07,-2.59,79.65,80.955,80.735,879797.34,797772.83,787667.98
2020-02-27,79.6,80.4,79.79,79.3,666793.19,-0.04,-0.05,80.582,81.283,81.024,901793.89,742257.05,792472.86
2020-02-26,79.45,80.76,79.83,79.11,844166.5,-0.36,-0.45,81.28,81.349,81.295,935043.76,731838.13,795962.04
2020-02-25,79.8,80.32,80.19,79.51,869000.94,-0.53,-0.66,81.654,81.486,81.584,858305.3,691855.38,790132.69
2020-02-24,81.0,81.3,80.72,80.5,1035102.94,-1.66,-2.02,81.926,81.58,81.954,787145.15,663387.51,793485.17
2020-02-21,82.5,83.23,82.38,82.0,1093905.88,-0.9,-1.08,82.26,81.538,82.231,715748.33,619237.66,769498.53
2020-02-20,82.0,83.61,83.28,81.35,833042.56,1.58,1.93,81.984,81.403,82.389,582720.22,559010.13,739732.2
2020-02-19,81.03,82.24,81.7,81.01,460474.16,0.15,0.18,81.418,81.227,82.516,528632.49,542924.84,724390.9
2020-02-18,81.81,82.11,81.55,81.44,513200.22,-0.84,-1.02,81.318,81.095,82.772,525405.47,572197.12,737201.28
2020-02-17,81.0,82.49,82.39,80.7,678118.81,1.39,1.72,81.234,80.983,83.017,539629.86,642225.15,752070.7
2020-02-14,80.37,81.26,81.0,80.21,428765.34,0.55,0.68,80.816,80.515,83.137,522727.0,777563.13,744457.99
2020-02-13,81.2,81.2,80.45,80.36,562603.94,-0.75,-0.92,80.822,80.764,83.339,535300.04,842688.66,752955.32
2020-02-12,81.1,81.46,81.2,80.55,444339.03,0.07,0.09,81.036,81.241,83.566,557217.19,860085.95,756227.78
2020-02-11,80.89,81.86,81.13,80.5,584322.19,0.83,1.03,80.872,81.681,83.814,618988.78,888409.99,756620.25
2020-02-10,80.35,80.64,80.3,79.9,593604.5,-0.73,-0.9,80.732,82.328,84.037,744820.44,923582.84,759226.54
2020-02-07,80.6,81.2,81.03,80.42,491630.56,-0.49,-0.6,80.214,82.923,84.332,1032399.26,919759.41,759295.32
2020-02-06,81.18,81.97,81.52,80.38,672189.69,1.14,1.42,80.706,83.375,84.587,1150077.27,920454.26,773626.39
2020-02-05,80.56,81.33,80.38,79.76,753196.94,-0.05,-0.06,81.446,83.804,84.784,1162954.71,905856.95,761618.72
2020-02-04,78.3,80.97,80.43,78.2,1213480.5,2.72,3.5,82.49,84.449,85.059,1157831.21,902205.43,757768.26
2020-02-03,76.51,79.25,77.71,76.4,2031498.62,-5.78,-6.92,83.924,85.051,85.274,1102345.24,861916.25,721735.69
2020-01-23,84.01,84.56,83.49,82.48,1080020.62,-1.73,-2.03,85.632,85.758,85.61,807119.55,711352.85,634487.17
2020-01-22,85.0,85.48,85.22,83.83,736576.88,-0.38,-0.44,86.044,85.913,85.632,690831.24,663221.99,596297.65
2020-01-21,87.0,87.29,85.6,85.6,727579.44,-2.0,-2.28,86.162,85.891,85.594,648759.18,652369.61,574079.03
2020-01-20,88.3,88.7,87.6,87.35,936050.62,1.35,1.56,86.408,85.946,85.528,646579.65,624830.5,560559.15
2020-01-17,86.15,86.9,86.25,85.85,555370.19,0.7,0.82,86.178,85.746,85.425,621487.27,594870.25,531672.07
2020-01-16,86.31,86.37,85.55,85.55,498579.09,-0.26,-0.3,85.884,85.741,85.397,615586.15,598831.23,520444.67
2020-01-15,86.81,87.12,85.81,85.68,526216.56,-1.02,-1.18,85.782,85.798,85.419,635612.74,626798.52,518203.35
2020-01-14,87.2,87.82,86.83,86.68,716681.81,0.38,0.44,85.62,85.763,85.435,655980.05,617380.5,529804.81
2020-01-13,85.01,86.47,86.45,84.78,810588.69,1.67,1.97,85.484,85.669,85.375,603081.35,613331.08,532954.38
2020-01-10,85.35,85.39,84.78,84.61,525864.62,-0.26,-0.31,85.314,85.496,85.391,568253.22,581555.13,531161.59
2020-01-09,85.58,85.61,85.04,84.69,598712.0,0.04,0.05,85.598,85.461,85.354,582076.3,557621.48,523191.68
2020-01-08,85.98,85.98,85.0,84.5,628053.12,-1.15,-1.33,85.814,85.35,85.304,617984.31,529373.32,511652.74
2020-01-07,86.01,86.46,86.15,85.67,452188.31,0.55,0.64,85.906,85.296,85.234,578780.95,495788.45,495027.11
2020-01-06,85.92,86.87,85.6,85.5,636448.06,-0.6,-0.7,85.854,85.11,85.109,623580.82,496287.79,495440.72
2020-01-03,86.81,86.88,86.2,85.9,594980.0,0.08,0.09,85.678,85.103,85.066,594857.04,468473.9,477223.82
2020-01-02,85.9,86.79,86.12,85.88,778252.06,0.66,0.77,85.324,85.053,84.989,533166.66,442058.12,464601.55
2019-12-31,85.75,85.91,85.46,85.01,432036.34,-0.43,-0.5,84.886,85.039,84.887,440762.32,409608.19,438790.17
2019-12-30,84.76,86.02,85.89,83.92,676187.62,1.17,1.38,84.686,85.106,84.827,412795.94,442229.11,436901.87
2019-12-27,84.44,85.66,84.72,84.42,492829.19,0.29,0.34,84.366,85.081,84.697,368994.77,452577.68,422392.87
2019-12-26,84.0,84.43,84.43,83.9,286528.09,0.5,0.6,84.528,85.286,84.642,342090.76,480768.05,426298.61
2019-12-25,84.4,84.51,83.93,83.81,316230.38,-0.53,-0.63,84.782,85.247,84.641,350949.58,488761.88,429876.96
2019-12-24,84.23,84.6,84.46,84.05,292204.44,0.17,0.2,85.192,85.258,84.69,378454.05,493932.17,433778.29
2019-12-23,85.95,85.97,84.29,84.25,457181.75,-1.24,-1.45,85.526,85.171,84.737,471662.28,494265.78,444632.2
2019-12-20,85.77,86.31,85.53,85.5,358309.16,-0.17,-0.2,85.796,85.107,84.797,536160.58,494593.65,449099.47
2019-12-19,86.12,86.18,85.7,85.28,330822.16,-0.28,-0.33,86.044,85.028,84.765,619445.33,485973.73,468557.2
2019-12-18,86.09,86.45,85.98,85.81,453752.72,-0.15,-0.17,85.712,84.925,84.797,626574.19,487144.99,489885.18
2019-12-17,85.68,86.84,86.13,85.25,758245.62,0.49,0.57,85.324,84.734,84.901,609410.29,467972.16,483812.09
2019-12-16,85.6,85.85,85.64,84.9,779673.25,-1.13,-1.3,84.816,84.548,85.039,516869.28,431574.62,461000.87
2019-12-13,85.18,86.77,86.77,85.08,774732.88,2.73,3.25,84.418,84.313,85.192,453026.71,392208.05,439257.74
2019-12-12,84.43,84.64,84.04,84.0,366466.47,0.0,0.0,84.012,83.998,85.249,352502.14,371829.18,418722.44
2019-12-11,83.8,84.19,84.04,83.4,367933.22,0.45,0.54,84.138,84.034,85.448,347715.78,370992.04,416574.61
2019-12-10,83.51,83.88,83.59,83.3,295540.56,-0.06,-0.07,84.144,84.121,85.646,326534.03,373624.41,417221.53
2019-12-09,84.76,84.89,83.65,83.34,460460.41,-1.09,-1.29,84.28,84.302,85.878,346279.97,394998.61,422217.18
2019-12-06,84.9,84.95,84.74,84.33,272110.03,0.07,0.08,84.208,84.487,86.106,331389.4,403605.3,421322.27
2019-12-05,84.51,85.0,84.67,84.08,342534.69,0.6,0.71,83.984,84.502,86.327,391156.22,451140.67,429530.51
2019-12-04,83.6,84.13,84.07,83.37,262024.47,-0.2,-0.24,83.93,84.669,86.582,394268.3,492625.37,428395.33
2019-12-03,83.18,84.28,84.27,82.79,394270.25,0.98,1.18,84.098,85.067,86.879,420714.79,499652.01,434609.38
2019-12-02,83.69,83.98,83.29,83.01,386007.56,-0.33,-0.4,84.324,85.529,87.168,443717.25,490427.11,447638.34
2019-11-29,84.39,84.74,83.62,82.69,570944.12,-0.78,-0.92,84.766,86.071,87.518,475821.19,486307.42,453623.25
2019-11-28,85.0,85.16,84.4,84.23,358095.12,-0.51,-0.6,85.02,86.499,87.839,511125.13,465615.69,457623.06
2019-11-27,85.36,85.36,84.91,84.5,394256.91,-0.49,-0.57,85.408,86.862,88.025,590982.43,462157.18,458402.68
2019-11-26,86.0,86.02,85.4,84.97,509282.56,-0.1,-0.12,86.036,87.171,88.177,578589.23,460818.65,460515.67
2019-11-25,85.1,85.57,85.5,84.28,546527.25,0.61,0.72,86.734,87.453,88.317,537136.97,449435.76,456629.43
2019-11-22,86.42,86.95,84.89,84.68,747463.81,-1.45,-1.68,87.376,87.724,88.474,496793.64,439039.25,461854.65
2019-11-21,87.72,87.75,86.34,86.01,757381.62,-1.71,-1.94,87.978,88.152,88.63,420106.26,407920.35,480941.23
2019-11-20,88.58,88.8,88.05,87.93,332290.91,-0.84,-0.94,88.316,88.495,88.803,333331.93,364165.29,461099.02
2019-11-19,88.3,89.1,88.89,88.22,302021.25,0.18,0.2,88.306,88.69,88.875,343048.07,369566.74,460424.36
2019-11-18,87.88,88.98,88.71,87.68,344810.62,0.81,0.92,88.172,88.807,88.945,361734.54,404849.58,460862.73
2019-11-15,87.81,88.25,87.9,87.7,364026.88,-0.13,-0.15,88.072,88.965,89.013,381284.85,420939.08,461667.18
2019-11-14,88.48,88.49,88.03,87.8,323509.97,0.03,0.03,88.326,89.179,89.106,395734.45,449630.42,473011.48
2019-11-13,87.97,88.34,88.0,87.53,380871.62,-0.22,-0.25,88.674,89.188,89.29,394998.66,454648.19,487807.24
2019-11-12,88.39,88.55,88.22,87.85,395453.62,0.01,0.01,89.074,89.183,89.419,396085.42,460212.69,493717.51
2019-11-11,88.5,88.59,88.21,87.9,442562.16,-0.96,-1.08,89.442,89.181,89.518,447964.61,463823.1,491488.53
2019-11-08,90.49,90.55,89.17,89.17,436274.88,-0.6,-0.67,89.858,89.224,89.63,460593.31,484670.05,500882.57
2019-11-07,90.0,90.1,89.77,89.28,319831.03,-0.23,-0.26,90.032,89.107,89.667,503526.39,553962.1,509092.61
2019-11-06,90.04,90.4,90.0,89.67,386305.41,-0.06,-0.07,89.702,89.11,89.603,514297.72,558032.74,510147.42
2019-11-05,90.3,91.26,90.06,89.66,654849.56,-0.23,-0.26,89.292,89.06,89.512,524339.96,551281.97,508861.18
2019-11-04,90.35,90.64,90.29,89.91,505705.66,0.25,0.28,88.92,89.083,89.409,479681.59,516875.88,496384.35
2019-11-01,88.12,90.06,90.04,88.01,650940.31,1.92,2.18,88.59,89.061,89.247,508746.79,502395.29,494138.3
2019-10-31,87.8,88.71,88.12,87.8,373687.66,0.17,0.19,88.182,89.032,89.16,604397.81,496392.55,478068.99
2019-10-30,88.0,88.37,87.95,87.67,436516.62,-0.25,-0.28,88.518,89.392,89.171,601767.76,520966.29,483703.14
2019-10-29,88.67,89.04,88.2,87.96,431557.69,-0.44,-0.5,88.828,89.655,89.213,578223.97,527222.34,481306.51
2019-10-28,88.39,88.87,88.64,87.87,651031.69,0.64,0.73,89.246,89.855,89.25,554070.17,519153.96,479996.18
2019-10-25,88.0,88.47,88.0,87.1,1129195.38,-1.8,-2.0,89.532,90.036,89.264,496043.78,517095.1,473127.95
2019-10-24,89.85,90.04,89.8,88.95,360537.44,0.3,0.34,89.882,90.226,89.356,388387.28,464223.12,439514.34
2019-10-23,90.2,90.63,89.5,89.21,318797.66,-0.79,-0.88,90.266,90.096,89.346,440164.81,462262.1,442566.47
2019-10-22,90.79,90.79,90.29,89.58,310788.66,0.22,0.24,90.482,89.964,89.371,476220.7,466440.39,447615.15
2019-10-21,89.47,90.45,90.07,88.93,360899.78,0.32,0.36,90.464,89.735,89.333,484237.76,475892.83,464092.39
2019-10-18,92.3,92.45,89.75,89.68,590912.88,-1.97,-2.15,90.54,89.432,89.397,538146.41,485881.31,473468.05
2019-10-17,91.2,92.17,91.72,90.6,619425.06,1.14,1.26,90.57,89.287,89.526,540058.95,459745.43,483574.83
2019-10-16,90.7,91.82,90.58,90.48,499077.12,0.38,0.42,89.926,88.95,89.418,484359.4,446440.0,475396.58
2019-10-15,90.8,90.8,90.2,89.94,350873.94,-0.25,-0.28,89.446,88.77,89.361,456660.07,435390.69,474670.13
2019-10-14,90.8,91.45,90.45,90.18,630443.06,0.55,0.61,89.006,88.645,89.371,467547.9,440838.39,492246.51
2019-10-11,88.89,90.27,89.9,88.5,600475.56,1.4,1.58,88.324,88.491,89.384,433616.2,429160.81,495161.98
2019-10-10,88.19,88.65,88.5,87.51,340927.31,0.32,0.36,88.004,88.486,89.35,379431.91,414805.57,515516.48
2019-10-09,87.44,88.6,88.18,87.33,360580.5,0.18,0.2,87.974,88.596,89.34,408520.6,422870.84,528767.82
2019-10-08,87.14,88.72,88.0,87.1,405313.09,0.96,1.1,88.094,88.778,89.344,414121.3,428789.9,536376.39
2019-09-30,87.94,88.19,87.04,87.01,460784.53,-1.26,-1.43,88.284,88.93,89.369,414128.88,452291.94,547901.04
2019-09-27,88.53,88.68,88.3,87.88,329554.12,-0.05,-0.06,88.658,89.361,89.383,424705.41,461054.79,553094.57
2019-09-26,89.2,89.77,88.35,88.33,486370.78,-0.43,-0.48,88.968,89.765,89.303,450179.23,507404.23,559833.46
2019-09-25,88.39,89.17,88.78,88.15,388584.0,-0.17,-0.19,89.218,89.886,89.23,437221.07,504353.15,561319.54
2019-09-24,89.0,89.41,88.95,88.4,405350.97,0.04,0.04,89.462,89.952,89.175,443458.5,513949.58,580281.69
2019-09-23,89.44,89.44,88.91,88.15,513667.19,-0.94,-1.05,89.576,90.097,89.103,490455.01,543654.63,609527.56
2019-09-20,89.89,90.29,89.85,89.45,456923.19,0.25,0.28,90.064,90.276,89.152,497404.17,561163.16,628128.69
2019-09-19,90.5,90.62,89.6,89.01,421580.0,-0.4,-0.44,90.562,90.214,89.058,564629.23,616227.39,623534.4
2019-09-18,89.82,90.48,90.0,89.58,419771.16,0.48,0.54,90.554,90.084,88.965,571485.24,634664.79,619221.44
2019-09-17,90.9,90.92,89.52,89.22,640333.5,-1.83,-2.0,90.442,89.909,88.862,584440.66,643962.88,623452.56
2019-09-16,92.3,92.33,91.35,91.12,548413.0,-0.99,-1.07,90.618,89.807,88.808,596854.26,643510.14,633303.62
2019-09-12,90.09,92.5,92.34,89.75,793048.5,2.78,3.1,90.488,89.404,88.614,624922.14,645134.35,652498.55
2019-09-11,89.8,90.08,89.56,88.75,455860.03,0.12,0.13,89.866,88.84,88.312,667825.56,612262.7,647959.81
2019-09-10,90.49,90.55,89.44,88.9,484548.25,-0.96,-1.06,89.614,88.574,88.086,697844.35,618285.93,651834.98
2019-09-09,91.37,91.53,90.4,89.98,702401.5,-0.3,-0.33,89.376,88.398,87.865,703485.09,646613.8,653358.46
2019-09-06,89.95,90.7,90.7,89.28,688752.44,1.47,1.65,88.996,88.108,87.67,690166.02,675400.5,647950.31
2019-09-05,88.8,90.31,89.23,88.31,1007565.56,0.93,1.05,88.32,88.027,87.352,665346.55,695094.23,635980.78
2019-09-04,87.83,88.4,88.3,87.22,605954.0,0.8,0.91,87.814,87.902,87.116,556699.84,630841.41,613965.72
2019-09-03,88.6,88.9,88.25,87.79,512751.97,-0.25,-0.28,87.534,87.845,86.875,538727.5,603778.08,610285.8
2019-09-02,87.0,88.88,88.5,86.88,635806.12,1.18,1.35,87.42,87.814,86.688,589742.51,602942.24,635165.24
2019-08-30,87.7,88.15,87.32,86.41,564655.12,0.62,0.71,87.22,87.809,86.493,660634.97,623097.11,637617.29
2019-08-29,87.15,87.48,86.7,86.17,464332.0,-0.2,-0.23,87.734,87.823,86.429,724841.9,659862.75,645833.08
2019-08-28,87.61,87.92,86.9,86.85,516092.31,-0.78,-0.89,87.99,87.784,86.469,704982.98,683656.93,643996.32
2019-08-27,88.05,88.8,87.68,87.57,767827.0,0.18,0.21,88.156,87.598,86.529,668828.66,685384.04,647829.45
2019-08-26,88.3,88.6,87.5,87.15,990268.44,-2.39,-2.66,88.208,87.331,86.644,616141.98,660103.11,632678.07
2019-08-23,87.95,90.26,89.89,87.82,885689.75,1.91,2.17,88.398,87.231,86.741,585559.24,620500.12,601576.97
2019-08-22,87.86,88.08,87.98,87.4,365037.38,0.25,0.28,87.912,86.677,86.752,594883.6,576867.33,580369.2
2019-08-21,87.65,88.17,87.73,87.35,335320.72,-0.21,-0.24,87.578,86.33,86.823,662330.87,597090.02,584920.42
2019-08-20,88.3,88.33,87.94,87.62,504393.59,-0.51,-0.58,87.04,85.904,86.879,701939.42,616793.52,597883.32
2019-08-19,88.3,88.46,88.45,87.25,837354.75,0.99,1.13,86.454,85.561,86.857,704064.24,667388.25,591755.14
2019-08-16,87.0,88.3,87.46,86.35,932311.56,1.15,1.33,86.064,85.177,86.819,655441.01,652137.47,571198.76
2019-08-15,83.8,86.34,86.31,83.53,702273.75,1.27,1.49,85.442,85.034,86.863,558851.06,631803.41,554762.74
2019-08-14,86.38,86.57,85.04,85.01,533363.44,0.03,0.04,85.082,85.154,86.884,531849.17,604335.72,538539.88
2019-08-13,85.95,86.25,85.01,84.77,515017.72,-1.49,-1.72,84.768,85.459,86.982,531647.63,610274.85,533789.19
2019-08-12,84.46,86.77,86.5,84.46,594238.56,2.15,2.55,84.668,85.956,87.079,630712.25,605253.03,529581.76
2019-08-09,85.1,85.28,84.35,84.02,449361.81,-0.16,-0.19,84.29,86.251,87.158,648833.94,582653.82,529596.13
2019-08-08,83.99,84.55,84.51,83.4,567264.31,1.04,1.25,84.626,86.826,87.378,704755.76,583871.07,535963.93
2019-08-07,84.81,84.95,83.47,83.35,532355.75,-1.04,-1.23,85.226,87.316,87.551,676822.26,572750.83,533344.15
2019-08-06,83.1,84.88,84.51,82.15,1010340.81,-0.1,-0.12,86.15,87.854,87.772,688902.07,578973.13,524534.6
2019-08-05,85.06,85.86,84.61,84.58,684847.0,-1.42,-1.65,87.244,88.153,87.923,579793.81,516122.03,501869.27
2019-08-02,86.1,86.49,86.03,85.5,728970.94,-1.48,-1.69,88.212,88.46,88.122,516473.69,490260.06,507015.2
2019-08-01,87.5,88.34,87.51,87.01,427596.81,-0.58,-0.66,89.026,88.692,88.363,462986.38,477722.06,496092.77
2019-07-31,89.41,89.5,88.09,87.88,592754.81,-1.89,-2.1,89.406,88.614,88.482,468679.39,472744.05,504396.29
2019-07-30,90.35,90.9,89.98,89.68,464799.47,0.53,0.59,89.558,88.504,88.611,469044.18,457303.52,507307.95
2019-07-29,89.84,90.08,89.45,89.05,368246.44,-0.65,-0.72,89.062,88.201,88.665,452450.26,453910.5,514392.81
2019-07-26,88.82,90.17,90.1,88.82,461534.38,0.69,0.77,88.708,88.064,88.784,464046.42,476538.44,542285.36
2019-07-25,89.1,89.55,89.41,88.54,456061.84,0.56,0.63,88.358,87.929,88.71,492457.74,488056.78,548985.36
2019-07-24,87.97,89.46,88.85,87.8,594578.75,1.35,1.54,87.822,87.786,88.642,476808.71,493937.48,566909.54
2019-07-23,87.91,88.2,87.5,87.1,381829.88,-0.18,-0.2,87.45,87.689,88.519,445562.87,470096.07,560062.12
2019-07-22,88.32,88.98,87.68,87.68,426227.25,-0.67,-0.76,87.34,87.692,88.476,455370.74,487616.51,593567.45
2019-07-19,87.31,88.7,88.35,87.31,603591.0,1.62,1.87,87.42,87.783,88.502,489030.46,523770.34,601958.69
2019-07-18,86.6,87.39,86.73,86.33,377816.66,-0.26,-0.3,87.5,88.033,88.483,483655.81,514463.48,614682.15
2019-07-17,86.95,87.58,86.99,86.4,438349.56,0.04,0.05,87.75,88.35,88.572,511066.26,536048.54,672451.98
2019-07-16,87.97,88.18,86.95,86.9,430869.22,-1.13,-1.28,87.928,88.717,88.399,494629.26,557312.38,706470.3
2019-07-15,88.1,88.77,88.08,86.62,594525.88,-0.67,-0.76,88.044,89.128,88.1,519862.28,574875.11,708130.52
2019-07-12,88.15,89.47,88.75,88.15,576717.75,0.77,0.88,88.146,89.504,87.692,558510.21,608032.28,696598.31
2019-07-11,88.49,89.3,87.98,87.69,514868.88,0.1,0.11,88.566,89.49,87.242,545271.14,609913.94,688199.07
2019-07-10,88.19,88.21,87.88,87.52,356164.59,0.35,0.4,88.95,89.497,86.868,561030.81,639881.6,685528.42
2019-07-09,88.68,88.85,87.53,86.99,557034.31,-1.06,-1.2,89.506,89.349,86.5,619995.49,650028.18,691617.84
2019-07-08,89.99,89.99,88.59,87.78,787765.5,-2.26,-2.49,90.212,89.259,86.208,629887.94,699518.39,710832.0
2019-07-05,90.0,91.14,90.85,89.83,510522.41,0.95,1.06,90.862,89.221,85.734,657554.34,680147.04,703731.13
2019-07-04,90.7,91.14,89.9,89.35,593667.25,-0.76,-0.84,90.414,88.933,85.047,674556.74,714900.82,699331.16
2019-07-03,91.16,91.6,90.66,89.8,650988.0,-0.4,-0.44,90.044,88.793,84.427,718732.39,808855.43,694006.36
2019-07-02,91.69,91.69,91.06,90.88,606496.56,-0.78,-0.85,89.192,88.081,83.792,680060.86,855628.22,687063.03
2019-07-01,90.6,92.47,91.84,90.6,926097.5,3.23,3.65,88.306,87.072,83.202,769148.84,841385.92,682803.62
2019-06-28,87.96,89.32,88.61,87.63,595534.38,0.56,0.64,87.58,85.88,82.56,702739.74,785164.34,661332.24
2019-06-27,87.0,88.47,88.05,86.99,814545.5,1.65,1.91,87.452,84.994,82.084,755244.89,766484.2,655979.36
2019-06-26,86.75,87.3,86.4,86.4,457630.34,-0.23,-0.27,87.542,84.238,81.67,898978.47,731175.24,663665.74
2019-06-25,88.1,88.18,86.63,85.32,1051936.5,-1.58,-1.79,86.97,83.65,81.26,1031195.58,733207.5,685476.22
2019-06-24,87.9,88.54,88.21,87.22,594052.0,0.24,0.27,85.838,83.157,80.787,913623.0,722145.61,662365.99
2019-06-21,87.95,88.56,87.97,87.23,858060.12,-0.53,-0.6,84.18,82.246,80.202,867588.94,727315.22,658281.04
2019-06-20,83.92,88.5,88.5,83.92,1533213.38,4.96,5.94,82.536,81.16,79.575,777723.51,683761.5,647661.58
2019-06-19,84.01,84.57,83.54,83.5,1118715.88,2.57,3.17,80.934,80.06,79.032,563372.01,579157.29,596837.5
2019-06-18,80.12,81.18,80.97,79.85,464073.62,1.05,1.31,80.33,79.503,78.765,435219.42,518497.85,572411.61
2019-06-17,79.8,80.67,79.92,79.5,363881.72,0.17,0.21,80.476,79.331,78.61,530668.22,524221.32,586458.12
2019-06-14,80.51,81.05,79.75,79.67,408732.97,-0.74,-0.92,80.312,79.239,78.569,587041.49,537500.14,602554.13
2019-06-13,80.8,81.0,80.49,79.8,461455.84,-0.03,-0.04,79.784,79.173,78.63,589799.49,545474.52,613659.05
2019-06-12,81.1,81.42,80.52,80.33,477952.94,-1.18,-1.44,79.186,79.102,78.633,594942.58,596156.25,630751.27
2019-06-11,79.26,81.91,81.7,79.13,941317.62,2.6,3.29,78.676,78.869,78.522,601776.29,637744.95,645992.7
2019-06-10,77.79,79.38,79.1,77.49,645748.06,1.99,2.58,78.186,78.417,78.369,517774.43,602586.36,641044.36
2019-06-06,77.75,77.9,77.11,76.88,422522.97,-0.39,-0.5,78.166,78.157,78.483,487958.8,589246.87,678361.87
2019-06-05,78.75,78.9,77.5,77.46,487171.31,-0.47,-0.6,78.562,77.99,78.461,501149.54,611561.65,713521.81
2019-06-04,79.18,79.48,77.97,77.86,512121.47,-1.28,-1.61,79.018,78.004,78.525,597369.92,614517.71,732582.03
2019-06-03,79.77,80.2,79.25,78.69,521308.34,0.25,0.32,79.062,78.027,78.685,673713.61,626325.36,755723.53
2019-05-31,79.15,80.57,79.0,79.0,496669.91,-0.09,-0.11,78.648,77.889,78.782,687398.3,648694.92,820088.58
2019-05-30,79.4,79.75,79.09,78.59,488476.69,-0.69,-0.86,78.148,77.899,79.137,690534.95,667608.12,841150.19
2019-05-29,77.5,80.98,79.78,77.18,968273.19,1.59,2.03,77.418,78.087,79.504,721973.76,681843.59,864055.15
2019-05-28,77.44,78.77,78.19,77.21,893839.94,1.01,1.31,76.99,78.163,79.671,631665.51,665346.3,848089.45
2019-05-27,76.25,77.66,77.18,75.35,589731.75,0.68,0.89,76.992,78.174,79.931,578937.11,654240.44,836185.91
2019-05-24,75.9,77.27,76.5,75.8,512353.16,1.06,1.41,77.13,78.321,80.324,609991.53,679502.35,847341.92
2019-05-23,76.5,76.83,75.44,75.05,645670.75,-1.1,-1.44,77.65,78.809,80.802,644681.3,767476.86,855630.08
2019-05-22,78.22,78.5,77.64,77.2,516731.94,-0.56,-0.72,78.756,78.931,81.278,641713.43,815481.97,869952.3
2019-05-21,78.05,79.25,78.2,77.68,630197.94,0.33,0.42,79.336,79.045,81.746,699027.09,850646.35,883572.3
2019-05-20,78.5,79.28,77.87,77.19,745003.88,-1.23,-1.55,79.356,79.342,82.051,729543.78,885121.69,871926.76
2019-05-17,81.06,81.2,79.1,78.98,685802.0,-1.87,-2.31,79.512,79.675,82.381,749013.16,991482.25,866272.34
2019-05-16,80.82,81.53,80.97,80.0,630831.38,0.43,0.53,79.968,80.375,82.677,890272.41,1014692.25,883793.38
2019-05-15,78.95,81.37,80.54,78.9,803300.25,2.24,2.86,79.106,80.921,82.711,989250.51,1046266.71,901749.46
2019-05-14,77.96,79.4,78.3,77.85,782781.38,-0.35,-0.45,78.754,81.178,82.706,1002265.61,1030832.59,887923.42
2019-05-13,79.25,80.18,78.65,78.5,842350.81,-2.73,-3.35,79.328,81.688,82.827,1040699.6,1018131.38,886615.79
2019-05-10,77.95,81.87,81.38,77.3,1392098.25,4.72,6.16,79.838,82.326,82.996,1233951.34,1015181.49,883679.27
2019-05-09,78.26,78.26,76.66,76.11,1125721.88,-2.12,-2.69,80.782,82.794,82.982,1139112.09,943783.3,844161.25
2019-05-08,78.73,80.55,78.78,78.38,868375.75,-2.39,-2.94,82.736,83.624,83.178,1103282.91,924422.63,833681.27
2019-05-07,81.78,82.28,81.17,79.89,974951.31,-0.03,-0.04,83.602,84.446,83.249,1059399.57,916498.25,830043.79
2019-05-06,82.8,83.6,81.2,79.66,1808609.5,-4.9,-5.69,84.048,84.759,83.184,995563.16,858731.82,819307.21
2019-04-30,86.5,87.48,86.1,84.53,917902.0,-0.33,-0.38,84.814,85.087,83.072,796411.64,741062.44,767435.51
2019-04-29,83.88,87.13,86.43,83.3,946576.0,3.32,4.0,84.806,84.978,82.697,748454.51,752894.51,779946.08
2019-04-26,83.0,84.43,83.11,82.8,648959.06,-0.29,-0.35,84.512,84.501,82.23,745562.35,757232.21,804085.04
2019-04-25,84.35,84.99,83.4,83.15,655769.25,-1.63,-1.92,85.29,84.234,81.745,773596.93,745014.24,795847.53
2019-04-24,86.08,86.88,85.03,83.55,812851.88,-1.03,-1.2,85.47,83.965,81.286,721900.48,755100.21,801049.95
2019-04-23,84.75,87.38,86.06,84.5,678116.38,1.1,1.29,85.36,83.665,80.669,685713.23,752177.06,792131.1
2019-04-22,87.22,88.09,84.96,84.5,932115.19,-2.04,-2.35,85.15,83.169,79.98,757334.51,744539.21,807777.9
2019-04-19,85.27,87.0,87.0,84.2,789131.94,2.7,3.2,84.49,82.732,79.468,768902.07,742939.92,799772.35
2019-04-18,84.69,85.02,84.3,83.88,397287.03,-0.18,-0.21,83.178,82.052,78.908,716431.56,743589.32,802628.69
2019-04-17,84.92,85.35,84.48,83.8,631915.62,-0.53,-0.62,82.46,81.608,78.521,788299.93,779882.6,836686.29
2019-04-16,81.22,85.13,85.01,80.9,1036222.75,3.35,4.1,81.97,81.056,78.064,818640.88,793808.58,855695.34
2019-04-15,82.23,83.88,81.66,81.6,989953.0,1.22,1.52,81.188,80.415,77.564,731743.9,806997.65,861703.81
2019-04-12,80.35,81.16,80.44,79.9,526779.38,-0.27,-0.34,80.974,79.959,77.173,716977.77,850937.88,874968.48
2019-04-11,82.65,83.62,80.71,80.16,756628.88,-1.32,-1.61,80.926,79.255,76.791,770747.09,846680.81,901428.03
2019-04-10,80.8,82.11,82.03,79.66,783620.38,0.93,1.15,80.756,78.606,76.333,771465.28,846999.7,933869.79
2019-04-09,80.4,82.0,81.1,80.37,601737.88,0.51,0.63,80.142,77.672,75.694,768976.28,832085.14,943149.72
2019-04-08,80.7,82.25,80.59,80.02,916122.31,0.39,0.49,79.642,76.791,75.078,882251.4,871016.59,950655.71
2019-04-04,80.08,80.96,80.2,79.25,795626.0,0.34,0.43,78.944,76.204,74.484,984897.99,856604.78,950512.4
2019-04-03,78.48,80.15,79.86,78.37,760219.81,0.9,1.14,77.584,75.764,73.988,922614.54,861668.06,961404.75
2019-04-02,78.54,79.0,78.96,78.05,771175.38,0.36,0.46,76.456,75.433,73.603,922534.13,893489.99,962626.44
2019-04-01,78.0,79.23,78.6,77.5,1168113.5,1.5,1.95,75.202,75.072,73.259,895194.0,917582.11,957051.69
2019-03-29,74.1,77.1,77.1,74.1,1429355.25,3.7,5.04,73.94,74.712,72.958,859781.78,916409.97,961809.77
2019-03-28,73.4,73.94,73.4,72.88,484208.75,-0.82,-1.1,73.464,74.387,72.722,728311.58,898999.08,936379.59
2019-03-27,73.2,74.63,74.22,72.7,759817.75,1.53,2.1,73.944,74.327,72.553,800721.58,956175.24,942113.64
2019-03-26,72.99,73.23,72.69,72.15,634474.75,0.4,0.55,74.41,74.059,72.341,864445.85,1020739.88,955005.93
2019-03-25,73.41,73.99,72.29,72.18,991052.38,-2.43,-3.25,74.942,73.715,72.207,939970.21,1054214.31,1001064.13
2019-03-22,75.76,76.26,74.72,74.06,772004.25,-1.08,-1.43,75.484,73.365,72.242,973038.16,1030294.83,1062630.64
2019-03-21,77.0,77.25,75.8,75.6,846258.75,-0.75,-0.98,75.31,72.763,71.857,1069686.59,1044420.01,1062141.37
2019-03-20,75.06,77.48,76.55,74.75,1078439.12,1.2,1.59,74.71,72.212,71.337,1111628.91,1061141.44,1047013.13
2019-03-19,75.73,76.85,75.35,74.96,1012096.56,0.35,0.47,73.708,71.773,70.803,1177033.91,1031762.89,1012766.62
2019-03-18,74.43,75.34,75.0,73.45,1156392.12,1.15,1.56,72.488,71.445,70.32,1168458.4,996521.27,1001459.36
2019-03-15,73.1,75.5,73.85,73.08,1255246.38,1.05,1.44,71.246,71.203,69.834,1087551.5,1007209.56,979707.81
2019-03-14,71.77,73.2,72.8,71.7,1055970.38,1.26,1.76,70.216,71.057,69.304,1019153.44,973760.11,943646.06
2019-03-13,71.38,72.1,71.54,70.27,1405464.12,2.29,3.31,69.714,70.778,68.919,1010653.97,928052.04,910657.68
2019-03-12,69.6,70.92,69.25,68.96,969219.0,0.46,0.67,69.838,70.622,68.593,886491.87,889271.98,869317.38
2019-03-11,68.8,69.69,68.79,68.22,751857.62,0.09,0.13,70.402,70.698,68.344,824584.15,947913.96,840116.09
2019-03-08,68.66,70.2,68.7,68.25,913256.06,-1.59,-2.26,71.16,71.119,68.124,926867.62,1094966.44,829613.98
2019-03-07,72.15,72.15,70.29,70.0,1013473.06,-1.87,-2.59,71.898,70.951,67.85,928366.77,1079862.73,805847.41
2019-03-06,72.39,72.48,72.16,71.11,784653.62,0.09,0.12,71.842,70.461,67.484,845450.1,1032884.82,789787.02
2019-03-05,72.48,72.74,72.07,71.57,659680.38,-0.51,-0.7,71.406,69.833,66.939,892052.09,993770.34,766054.5
2019-03-04,73.0,75.1,72.58,72.21,1263275.0,0.19,0.26,70.994,69.194,66.418,1071243.76,1006397.44,752830.13
2019-03-01,70.69,72.6,72.39,70.25,920751.81,2.38,3.4,71.078,68.465,65.865,1263065.26,952206.05,718748.82
2019-02-28,69.98,70.95,70.01,69.41,598889.69,0.03,0.04,70.004,67.551,65.31,1231358.68,913532.02,706334.19
2019-02-27,70.3,71.43,69.98,68.99,1017663.56,-0.03,-0.04,69.08,67.06,64.831,1220319.54,893263.33,698860.01
2019-02-26,71.71,72.6,70.01,69.92,1555638.75,-2.99,-4.1,68.26,66.564,64.306,1095488.59,849362.78,666723.47
2019-02-25,68.22,73.0,73.0,68.14,2222382.5,5.98,8.92,67.394,65.99,63.809,941551.13,732318.22,609916.91
2019-02-22,65.36,67.07,67.02,64.8,762218.88,1.63,2.49,65.852,65.129,63.199,641346.84,564261.52,526789.92
2019-02-21,65.8,66.68,65.39,65.09,543694.0,-0.49,-0.74,65.098,64.748,62.844,595705.36,531832.1,516766.81
2019-02-20,66.3,66.38,65.88,65.19,393508.81,0.2,0.3,65.04,64.507,62.511,566207.12,546689.23,516334.63
2019-02-19,65.58,67.27,65.68,65.28,785951.44,0.39,0.6,64.868,64.044,62.154,603236.98,538338.67,516864.78
2019-02-18,63.9,65.42,65.29,63.78,721361.06,2.04,3.23,64.586,63.641,61.799,523085.3,499262.82,506880.45
2019-02-15,64.8,65.01,63.25,63.22,534011.5,-1.85,-2.84,64.406,63.264,61.391,487176.19,485291.59,494578.72
2019-02-14,64.88,65.4,65.1,64.78,396202.78,0.08,0.12,64.398,63.068,61.132,467958.83,499136.36,490756.63
2019-02-13,64.66,65.4,65.02,64.03,578658.12,0.75,1.17,63.974,62.601,60.752,527171.34,504456.7,504610.61
2019-02-12,64.4,64.42,64.27,63.69,385193.06,-0.12,-0.19,63.22,62.048,60.348,473440.36,484084.15,516635.01
2019-02-11,62.88,64.51,64.39,62.88,541815.5,1.18,1.87,62.696,61.628,59.925,475440.33,487515.6,525371.4
2019-02-01,63.5,63.78,63.21,62.85,437924.69,0.23,0.36,62.122,61.268,59.52,483406.99,489318.33,536577.13
2019-01-31,61.8,63.19,62.98,61.55,692265.31,1.73,2.82,61.738,60.939,59.189,530313.88,501701.52,571173.69
2019-01-30,60.88,61.86,61.25,60.78,310003.22,-0.4,-0.65,61.228,60.514,58.824,481742.06,485980.03,571195.99
2019-01-29,61.38,61.9,61.65,60.98,395192.94,0.13,0.21,60.876,60.263,58.521,494727.94,495390.89,596972.95
2019-01-28,61.8,62.41,61.52,61.2,581648.81,0.23,0.38,60.56,59.957,58.243,499590.87,514498.08,622962.7
2019-01-25,60.5,61.78,61.29,60.43,672459.12,0.86,1.42,60.414,59.517,58.012,495229.66,503865.85,631474.79
2019-01-24,59.61,60.52,60.43,59.22,449406.19,0.94,1.58,60.14,59.195,57.813,473089.16,482376.91,617742.9
2019-01-23,59.82,60.4,59.49,59.45,374932.62,-0.58,-0.97,59.8,58.902,57.702,490218.0,504764.52,628504.25
2019-01-22,60.6,60.64,60.07,59.74,419507.62,-0.72,-1.18,59.65,58.648,57.64,496053.84,549185.87,627695.04
2019-01-21,59.93,61.11,60.79,59.85,559842.75,0.87,1.45,59.354,58.221,57.553,529405.29,563227.2,643676.05
2019-01-18,59.23,60.02,59.92,58.69,561756.62,1.19,2.03,58.62,57.772,57.464,512502.04,583835.93,656031.7
2019-01-17,59.05,59.8,58.73,58.56,535050.38,-0.01,-0.02,58.25,57.439,57.474,491664.66,640645.86,653720.78
2019-01-16,58.42,58.96,58.74,58.01,404111.84,0.15,0.26,58.004,57.134,57.58,519311.04,656411.94,653583.36
2019-01-15,57.26,58.69,58.59,57.06,586264.88,1.47,2.57,57.646,56.778,57.706,602317.89,698555.0,668984.34
2019-01-14,57.74,57.95,57.12,56.9,475326.5,-0.95,-1.64,57.088,56.529,57.874,597049.11,731427.32,677208.88
2019-01-11,58.0,58.29,58.07,57.5,457569.72,0.57,0.99,56.924,56.507,58.178,655169.82,759083.72,692580.26
2019-01-10,56.87,57.82,57.5,56.55,673282.25,0.55,0.97,56.628,56.43,58.397,789627.05,753108.88,689071.39
2019-01-09,56.2,57.6,56.95,55.96,819146.12,1.15,2.06,56.264,56.501,58.631,793512.85,752243.98,676404.72
2019-01-08,56.05,56.09,55.8,55.2,559920.94,-0.5,-0.89,55.91,56.631,58.892,794792.11,706204.21,660179.94
2019-01-07,57.09,57.17,56.3,55.9,765930.06,-0.29,-0.51,55.97,56.885,59.252,865805.54,724124.9,645698.76
2019-01-04,55.28,57.0,56.59,55.23,1129855.88,0.91,1.63,56.09,57.155,59.587,862997.63,728227.48,636695.51
2019-01-03,55.15,56.33,55.68,55.06,692711.25,0.5,0.91,56.232,57.508,59.97,716590.72,666795.7,602713.07
2019-01-02,56.04,56.18,55.18,54.94,825542.44,-0.92,-1.64,56.738,58.025,60.431,710975.11,650754.79,596201.16
2018-12-28,57.0,57.23,56.1,56.1,914988.06,-0.8,-1.41,57.352,58.634,60.921,617616.3,639413.68,611021.19
2018-12-27,58.28,58.38,56.9,56.9,751890.5,-0.4,-0.7,57.8,59.218,61.291,582444.26,622990.43,582730.34
2018-12-26,58.17,58.25,57.3,57.2,397821.34,-0.91,-1.56,58.22,59.848,61.598,593457.33,626076.8,564468.51
2018-12-25,57.54,58.78,58.21,56.88,664633.19,-0.04,-0.07,58.784,60.364,61.922,617000.69,625033.9,565161.96
2018-12-24,58.0,58.3,58.25,57.75,358748.41,-0.09,-0.15,59.312,60.76,62.167,590534.46,600565.46,550710.14
2018-12-21,58.75,58.85,58.34,57.45,739127.88,-0.66,-1.12,59.916,61.153,62.414,661211.06,614155.68,551272.18
2018-12-20,59.95,60.18,59.0,58.58,806955.81,-1.12,-1.86,60.636,61.619,62.629,663536.59,567272.61,532932.54
2018-12-19,61.0,61.26,60.12,59.88,515538.16,-0.73,-1.2,61.476,62.019,62.836,658696.27,545163.54,514768.93
2018-12-18,60.9,61.68,60.85,60.47,532302.06,-0.42,-0.69,61.944,62.432,63.031,633067.1,538630.44,508254.48
2018-12-17,61.87,62.26,61.27,61.03,712131.38,-0.67,-1.08,62.208,62.836,63.193,610596.46,541647.54,511227.51
2018-12-14,62.9,62.94,61.94,61.73,750755.56,-1.26,-1.99,62.39,63.208,63.416,567100.31,582628.71,501002.39
2018-12-13,62.7,63.5,63.2,62.4,782754.19,0.74,1.19,62.602,63.363,63.581,471008.63,542470.26,494458.56
2018-12-12,62.8,62.83,62.46,62.04,387392.31,0.29,0.47,62.562,63.348,63.676,431630.81,502860.23,480349.84
2018-12-11,62.18,62.57,62.17,61.82,419948.88,-0.01,-0.02,62.92,63.479,63.751,444193.77,505290.03,489670.93
2018-12-10,62.5,62.68,62.18,61.82,494650.59,-0.82,-1.3,63.464,63.573,63.893,472698.62,500854.82,494723.39
2018-12-07,63.32,63.53,63.0,62.98,270297.16,0.0,0.0,64.026,63.675,64.017,598157.1,488388.67,492916.44
2018-12-06,63.66,63.88,63.0,62.89,585865.12,-1.25,-1.95,64.124,63.639,64.098,613931.89,498592.47,506636.06
2018-12-05,64.05,64.6,64.25,63.98,450207.12,-0.64,-0.99,64.134,63.653,64.263,574089.64,484374.31,502590.12
2018-12-04,64.95,65.08,64.89,64.16,562473.12,-0.1,-0.15,64.038,63.629,64.356,566386.28,477878.53,505612.68
2018-12-03,65.2,66.05,64.99,64.77,1121943.0,1.5,2.36,63.682,63.55,64.452,529011.02,480807.47,496743.12
2018-11-30,63.06,63.65,63.49,62.9,349171.09,0.44,0.7,63.324,63.623,64.531,378620.24,419376.07,468002.56
2018-11-29,64.3,64.38,63.05,63.0,386653.88,-0.72,-1.13,63.154,63.799,64.724,383253.05,446446.86,509241.48
2018-11-28,63.12,63.96,63.77,63.01,411690.31,0.66,1.05,63.172,64.004,64.787,394658.98,457839.46,524402.33
2018-11-27,63.31,63.88,63.11,62.91,375596.84,-0.09,-0.14,63.22,64.022,64.78,389370.78,474051.84,542959.58
2018-11-26,63.0,63.87,63.2,62.8,369989.06,0.56,0.89,63.418,64.212,64.764,432603.92,488591.95,587640.15
2018-11-23,63.15,63.59,62.64,62.52,372335.16,-0.5,-0.79,63.922,64.358,64.704,460131.89,497444.2,629961.67
2018-11-22,64.18,64.2,63.14,62.82,443683.53,-0.87,-1.36,64.444,64.556,64.849,509640.67,514679.66,651215.46
2018-11-21,63.53,64.14,64.01,63.53,385249.31,-0.09,-0.14,64.836,64.872,65.025,521019.94,520805.92,665841.41
2018-11-20,65.0,65.44,64.1,63.91,591762.56,-1.62,-2.46,64.824,65.083,65.137,558732.89,533346.83,687110.55
2018-11-19,65.25,66.2,65.72,64.8,507628.91,0.47,0.72,65.006,65.353,65.208,544579.97,512678.76,716129.15
2018-11-16,65.0,66.39,65.25,64.69,619879.06,0.15,0.23,64.794,65.439,65.318,534756.51,516629.06,771591.79
2018-11-15,64.0,65.14,65.1,63.77,500579.88,1.15,1.8,64.668,65.649,65.337,519718.64,572036.09,797538.59
2018-11-14,65.05,65.09,63.95,63.6,573814.06,-1.06,-1.63,64.908,65.569,65.204,520591.89,590965.21,802660.59
2018-11-13,63.78,65.57,65.01,63.5,520997.94,0.35,0.54,65.342,65.537,65.215,507960.77,611867.33,812039.98
2018-11-12,64.4,65.14,64.66,63.75,458511.62,0.04,0.06,65.7,65.316,65.164,480777.55,686688.36,815191.83
2018-11-09,65.75,65.98,64.62,64.38,544689.69,-1.68,-2.53,66.084,65.05,65.091,498501.6,762479.13,819253.42
2018-11-08,66.93,67.17,66.3,66.0,504946.16,0.18,0.27,66.63,65.142,65.054,624353.54,787751.27,830749.77
2018-11-07,66.89,67.34,66.12,65.9,510658.44,-0.68,-1.02,66.23,65.178,64.831,661338.52,810876.9,862768.83
2018-11-06,66.2,66.8,66.8,65.8,385081.84,0.22,0.33,65.732,65.191,64.758,715773.88,840874.27,866375.86
2018-11-05,66.5,67.05,66.58,65.7,547131.88,-0.77,-1.14,64.932,65.062,64.668,892599.16,919579.53,871437.72
2018-11-02,66.92,67.35,67.35,65.55,1173949.38,3.05,4.74,64.016,65.197,64.578,1026456.66,1026554.52,900503.37
2018-11-01,64.22,65.5,64.3,64.08,689871.06,0.67,1.05,63.654,65.024,64.635,951149.0,1023041.09,878782.09
2018-10-31,63.01,63.95,63.63,62.16,782835.25,0.83,1.32,64.126,64.839,64.78,960415.29,1014355.97,875467.25
2018-10-30,60.0,64.63,62.8,59.5,1269208.25,0.8,1.29,64.65,64.892,64.997,965974.65,1012212.64,881751.77
2018-10-29,65.87,65.99,62.0,61.9,1216419.38,-3.54,-5.4,65.192,65.012,65.216,946559.9,943695.31,847196.55
2018-10-26,66.3,66.77,65.54,64.38,797411.06,-1.12,-1.68,66.378,65.132,65.491,1026652.37,876027.7,826897.13
2018-10-25,64.2,66.66,66.66,64.2,736202.5,0.41,0.62,66.394,64.965,65.454,1094933.19,873748.26,807972.77
2018-10-24,65.78,67.85,66.25,65.56,810632.06,0.74,1.13,65.552,64.484,65.378,1068296.65,914660.76,812897.9
2018-10-23,68.0,68.32,65.51,64.88,1172134.5,-2.42,-3.56,65.134,64.324,65.272,1058450.62,891877.46,804144.76
2018-10-22,66.01,69.42,67.93,65.62,1616881.75,2.31,3.52,64.832,64.273,65.122,940830.72,823295.92,759017.83
2018-10-19,61.99,66.1,65.62,61.88,1138815.12,3.17,5.08,63.886,63.958,64.89,725403.02,774452.22,706092.26
2018-10-18,63.49,63.52,62.45,62.25,603019.81,-1.71,-2.67,63.536,64.246,64.729,652563.34,734523.09,676093.86
2018-10-17,65.17,65.32,64.16,62.41,761401.94,0.16,0.25,63.416,64.721,64.637,761024.88,736578.54,667715.88
2018-10-16,63.35,65.18,64.0,63.33,584035.0,0.8,1.27,63.514,65.101,64.513,725304.29,751290.9,646999.31
2018-10-15,63.9,64.44,63.2,63.09,539743.25,-0.67,-1.05,63.714,65.42,64.414,705761.11,750697.79,633967.06
2018-10-12,62.5,64.25,63.87,62.3,774616.69,2.02,3.27,64.03,65.849,64.393,823501.41,777766.57,631715.48
2018-10-11,62.1,63.2,61.85,61.38,1145327.5,-2.8,-4.33,64.956,65.942,64.266,816482.84,742197.28,615855.96
2018-10-10,65.09,65.58,64.65,64.2,582799.0,-0.35,-0.54,66.026,66.272,64.313,712132.21,711135.03,583961.45
2018-10-09,64.63,65.38,65.0,64.33,486319.09,0.22,0.34,66.688,66.219,64.321,777277.51,716412.06,587740.43
2018-10-08,66.8,66.84,64.78,64.71,1128444.75,-3.72,-5.43,67.126,65.97,64.207,795634.46,694739.74,579614.01
2018-09-28,67.5,69.1,68.5,67.44,739523.88,1.3,1.94,67.668,65.822,64.117,732031.73,637732.31,549247.47
2018-09-27,67.73,67.75,67.2,66.86,623574.31,-0.76,-1.12,66.928,65.212,63.85,667911.71,617664.62,535196.09
2018-09-26,67.23,69.0,67.96,66.83,908525.5,0.77,1.15,66.518,64.552,63.641,710137.86,598853.22,517963.72
2018-09-25,66.9,67.73,67.19,66.48,578103.88,-0.3,-0.45,65.75,63.924,63.388,655546.62,542707.73,493784.65
2018-09-21,65.28,67.5,67.49,64.97,810431.06,2.69,4.15,64.814,63.408,63.202,593845.02,517236.34,494169.13
2018-09-20,65.2,65.56,64.8,64.61,418923.78,-0.35,-0.54,63.976,62.937,62.951,543432.89,485664.4,482279.15
2018-09-19,64.09,65.8,65.15,63.81,834705.06,1.03,1.61,63.496,62.589,62.817,567417.54,489514.65,499138.53
2018-09-18,62.15,64.3,64.12,62.1,635569.31,1.61,2.58,62.586,62.354,62.606,487568.58,456787.86,509496.13
2018-09-17,62.3,63.18,62.51,62.25,269595.88,-0.79,-1.25,62.098,62.422,62.371,429868.83,459068.8,509550.2
2018-09-14,62.57,63.76,63.3,62.42,558370.44,0.9,1.44,62.002,62.444,62.136,440627.66,464488.28,519177.54
2018-09-13,61.78,62.4,62.4,61.01,538847.0,1.8,2.97,61.898,62.412,61.798,427895.9,460762.63,508827.02
2018-09-12,61.31,61.46,60.6,60.28,435460.28,-1.08,-1.75,61.682,62.488,61.527,411611.76,452727.57,505638.42
2018-09-11,62.0,62.58,61.68,61.25,347070.56,-0.35,-0.56,62.122,62.729,61.347,426007.14,437074.22,514552.8
2018-09-10,62.6,62.87,62.03,61.6,323390.0,-0.75,-1.2,62.746,62.851,61.217,488268.78,444861.58,512636.3
2018-09-07,61.88,63.5,62.78,61.6,494711.66,1.46,2.38,62.886,62.995,61.094,488348.89,471101.93,519199.28
2018-09-06,62.1,62.52,61.32,61.01,457426.28,-0.86,-1.38,62.926,62.964,60.978,493629.36,478893.91,511915.77
2018-09-05,64.41,64.64,62.8,62.8,507437.19,-2.0,-3.09,63.294,63.045,60.943,493843.37,508762.41,520816.11
2018-09-04,62.85,64.93,64.8,62.54,658378.75,2.07,3.3,63.336,62.858,60.723,448141.29,562204.41,516049.71
2018-09-03,62.6,63.0,62.73,62.11,323790.59,-0.25,-0.4,62.956,62.32,60.461,401454.39,560031.59,511223.83
2018-08-31,62.4,63.43,62.98,62.2,521114.0,-0.18,-0.28,63.104,61.828,60.216,453854.96,573866.8,516023.58
2018-08-30,63.5,64.05,63.16,63.02,458496.34,0.15,0.24,63.002,61.183,59.958,464158.46,556891.41,508072.05
2018-08-29,62.68,63.3,63.01,62.65,278926.78,0.11,0.17,62.796,60.565,59.712,523681.45,558549.27,517487.44
2018-08-28,63.8,63.84,62.9,62.6,424944.22,-0.57,-0.9,62.38,59.965,59.545,676267.52,592031.38,531712.82
2018-08-27,63.08,63.68,63.47,62.72,585793.44,1.0,1.6,61.684,59.583,59.48,718608.8,580411.03,523500.54
2018-08-24,61.7,63.33,62.47,61.5,572631.5,0.34,0.55,60.552,59.192,59.386,693878.64,567296.63,513029.37
2018-08-23,61.01,62.38,62.13,61.01,756111.31,1.2,1.97,59.364,58.991,59.306,649624.35,544937.63,501106.38
2018-08-22,61.28,61.5,60.93,60.37,1041857.12,1.51,2.54,58.334,58.84,59.24,593417.09,532869.81,487430.48
2018-08-21,57.86,59.65,59.42,57.86,636650.62,1.61,2.79,57.55,58.587,59.301,507795.25,469895.01,455787.94
2018-08-20,56.94,57.82,57.81,56.76,462142.66,1.23,2.17,57.482,58.601,59.416,442213.26,462416.06,465797.76
2018-08-17,57.7,57.82,56.53,56.46,351360.06,-0.45,-0.79,57.832,58.604,59.58,440714.62,458180.36,482919.29
2018-08-16,56.38,57.95,56.98,55.88,475074.97,-0.05,-0.09,58.618,58.733,59.796,440250.91,459252.69,518818.83
2018-08-15,59.03,59.05,57.01,56.67,613747.94,-2.04,-3.46,59.346,58.858,59.884,472322.53,476425.62,530250.03
2018-08-14,59.56,59.72,59.08,58.58,308740.66,-0.47,-0.79,59.624,59.124,59.923,431994.76,471394.25,522786.89
2018-08-13,59.8,59.85,59.56,58.66,454649.47,-0.88,-1.46,59.72,59.377,59.87,482618.87,466590.05,526347.0
2018-08-10,60.56,60.96,60.46,59.83,349041.5,-0.16,-0.26,59.376,59.579,59.778,475646.11,458762.12,525211.64
2018-08-09,58.38,60.99,60.62,58.18,635433.06,2.24,3.84,58.848,59.621,59.682,478254.47,457275.13,527448.83
2018-08-08,59.55,59.7,58.4,58.19,412109.12,-1.16,-1.95,58.37,59.64,59.57,480528.71,441991.15,528062.56
2018-08-07,58.11,59.6,59.56,57.96,561861.19,1.73,2.99,58.624,60.014,59.504,510793.74,441680.87,531146.2
2018-08-06,57.81,58.86,57.84,57.36,419785.66,0.02,0.04,59.034,60.231,59.436,450561.22,469179.45,530834.51
2018-08-03,58.43,58.76,57.82,57.78,362083.31,-0.44,-0.76,59.782,60.556,59.488,441878.13,507658.22,544647.38
2018-08-02,59.41,59.49,58.23,57.8,646804.25,-1.47,-2.46,60.394,60.858,59.444,436295.79,578384.97,567758.77
2018-08-01,61.8,62.41,59.67,59.62,563434.31,-1.93,-3.13,60.91,60.909,59.308,403453.6,584074.44,562840.28
2018-07-31,61.6,61.89,61.61,60.82,260698.59,0.05,0.08,61.404,60.721,59.102,372567.99,574179.52,560643.25
2018-07-30,60.9,61.92,61.58,60.75,376370.19,0.71,1.17,61.428,60.362,58.837,487797.68,586103.96,595066.67
2018-07-27,60.98,61.33,60.88,60.57,334171.59,0.08,0.13,61.33,59.976,58.518,573438.32,591661.15,621257.62
2018-07-26,62.28,62.48,60.81,60.68,482593.31,-1.35,-2.17,61.322,59.743,58.402,720474.15,597622.54,636804.64
2018-07-25,62.23,62.24,62.14,61.4,409006.25,0.4,0.65,60.908,59.499,58.202,764695.29,614133.97,649474.54
2018-07-24,61.06,63.0,61.73,61.03,836847.06,0.65,1.06,60.038,58.994,57.969,775791.05,620611.53,663878.43
2018-07-23,60.35,61.6,61.09,60.25,804573.38,0.25,0.41,59.296,58.64,57.843,684410.24,592489.57,657932.46
2018-07-20,58.6,61.61,60.84,58.23,1069350.75,2.13,3.63,58.622,58.419,57.781,609883.99,581636.54,648078.63
2018-07-19,58.36,59.3,58.74,58.35,703699.0,0.93,1.61,58.164,58.029,57.792,474770.93,557132.58,617879.91
2018-07-18,58.28,59.11,57.79,57.75,464485.06,-0.23,-0.4,58.09,57.707,57.911,463572.65,541606.11,612969.66
2018-07-17,57.9,58.26,58.02,57.42,379943.03,0.3,0.52,57.95,57.483,58.114,465432.01,547106.97,626905.17
2018-07-16,58.3,58.78,57.72,57.38,431942.09,-0.82,-1.4,57.984,57.312,58.315,500568.89,604029.37,671821.19
2018-07-13,58.77,58.92,58.55,58.28,393785.47,0.17,0.29,58.216,57.059,58.663,553389.09,650854.08,683553.23
2018-07-12,57.24,58.89,58.37,57.24,647707.62,1.28,2.24,57.894,57.061,58.956,639494.23,675986.74,703788.19
2018-07-11,56.75,57.51,57.09,56.56,473781.84,-1.09,-1.87,57.324,56.904,59.227,619639.57,684815.1,694355.47
2018-07-10,59.0,59.05,58.19,57.55,555627.44,-0.69,-1.17,57.016,56.944,59.567,628781.94,707145.33,708844.34
2018-07-09,57.6,58.91,58.88,57.2,696043.06,1.94,3.41,56.64,57.046,59.808,707489.85,723375.35,706703.12
2018-07-06,55.98,57.65,56.94,55.54,824311.19,1.41,2.54,55.902,57.142,59.983,748319.08,714520.72,700870.54
2018-07-05,55.7,56.27,55.52,55.18,548434.31,0.0,0.0,56.228,57.554,60.297,712479.25,678627.24,696968.32
2018-07-04,56.23,56.88,55.55,55.37,519493.69,-0.79,-1.4,56.484,58.114,60.712,749990.64,684333.2,694057.62
2018-07-03,55.6,56.56,56.31,54.33,949167.0,1.09,1.97,56.872,58.744,61.163,785508.72,706703.36,712341.56
2018-07-02,58.28,58.28,55.19,54.65,900189.19,-3.39,-5.79,57.452,59.318,61.525,739260.85,739613.02,707828.08
2018-06-29,57.12,58.63,58.57,57.1,645112.06,1.74,3.06,58.382,60.266,61.847,680722.36,716252.37,683219.0
2018-06-28,57.11,57.95,56.8,56.53,735991.25,-0.7,-1.22,58.88,60.851,62.027,644775.22,731589.64,684232.82
2018-06-27,59.1,59.45,57.49,57.44,697084.12,-1.75,-2.95,59.744,61.549,62.217,618675.76,703895.84,671975.09
2018-06-26,59.1,59.61,59.21,57.8,717927.62,-0.58,-0.97,60.616,62.189,62.461,627897.99,710543.35,668944.6
2018-06-25,61.28,61.35,59.84,59.6,607496.75,-1.23,-2.01,61.184,62.569,62.625,739965.19,690030.9,655995.66
2018-06-22,60.6,61.5,61.06,60.6,465376.38,-0.03,-0.05,62.15,62.824,62.711,751782.39,687220.36,643317.3
2018-06-21,61.86,62.56,61.12,61.0,605493.94,-0.73,-1.18,62.822,63.04,62.721,818404.05,715309.41,642124.15
2018-06-20,61.9,62.54,61.85,60.78,743195.25,-0.24,-0.39,63.354,63.309,62.753,789115.91,703782.04,640307.18
2018-06-19,63.8,64.2,62.05,61.8,1278263.62,-2.58,-3.99,63.762,63.582,62.811,793188.71,717979.77,625032.02
2018-06-15,64.1,65.16,64.67,64.02,666582.75,0.23,0.36,63.954,63.731,62.891,640096.61,676043.15,596372.12
2018-06-14,63.58,65.35,64.42,63.45,798484.69,0.67,1.05,63.498,63.428,62.81,622658.34,650185.63,591355.65
2018-06-13,63.8,63.91,63.78,63.35,459053.25,-0.12,-0.19,63.258,63.203,62.687,612214.76,636876.0,575320.53
2018-06-12,63.2,64.25,63.89,62.82,763559.25,0.86,1.36,63.264,62.885,62.637,618448.17,640054.33,580343.58
2018-06-11,62.25,63.2,63.01,61.85,512803.12,0.62,0.99,63.402,62.733,62.643,642770.83,627345.85,568642.08
2018-06-08,62.97,63.24,62.39,61.95,579391.38,-0.85,-1.34,63.508,62.681,62.698,711989.68,621960.42,577187.38
2018-06-07,63.27,64.54,63.22,63.02,746266.81,0.61,0.97,63.358,62.598,62.733,677712.93,599414.25,570823.09
2018-06-06,64.43,64.45,63.81,63.71,490220.28,-0.77,-1.19,63.148,62.401,62.731,661537.23,568938.89,558418.66
2018-06-05,63.59,65.0,64.58,63.21,885172.56,1.05,1.65,62.506,62.197,62.689,661660.5,576832.32,558129.2
2018-06-04,62.1,63.71,63.54,61.9,858897.38,1.9,3.08,62.064,62.039,62.614,611920.87,532084.27,572606.6
2018-06-01,61.91,62.19,61.64,61.28,408007.62,-0.49,-0.79,61.854,62.051,62.496,531931.15,516701.1,571134.12
2018-05-31,61.11,62.18,62.17,60.71,665388.31,1.52,2.51,61.838,62.191,62.449,521115.56,532525.67,572813.08
2018-05-30,61.31,61.7,60.6,60.58,490836.62,-1.78,-2.85,61.654,62.171,62.41,476340.56,513765.06,570999.93
2018-05-29,62.32,62.66,62.37,61.3,636474.44,-0.13,-0.21,61.888,62.389,62.449,492004.13,520632.83,581903.53
2018-05-28,61.8,62.88,62.49,61.55,458948.75,0.96,1.56,62.014,62.553,62.375,452247.67,509938.31,680222.93
2018-05-25,61.38,62.18,61.56,61.34,353929.69,0.34,0.56,62.248,62.714,62.408,501471.06,532414.35,699353.18
2018-05-24,61.96,62.27,61.25,61.16,441513.28,-0.51,-0.83,62.544,62.868,62.605,543935.77,542231.93,705548.08
2018-05-23,62.95,62.95,61.77,61.67,569154.5,-1.24,-1.97,62.688,63.061,62.87,551189.56,547898.44,728820.12
2018-05-22,63.58,63.84,63.0,62.5,437692.12,-0.66,-1.04,62.89,63.18,63.032,549261.53,539426.09,727585.73
2018-05-21,63.55,64.15,63.66,63.27,705065.69,0.62,0.98,63.092,63.188,63.089,567628.95,613128.94,735868.16
2018-05-18,61.88,63.12,63.04,61.59,566253.25,1.04,1.68,63.18,62.941,63.13,563357.65,625567.15,736938.56
2018-05-17,63.09,63.19,61.97,61.94,477782.22,-0.84,-1.34,63.192,62.706,63.151,540528.1,613100.5,746868.17
2018-05-16,63.68,63.92,62.78,62.63,559514.38,-1.19,-1.86,63.434,62.649,63.21,544607.31,628234.81,764562.71
2018-05-15,64.5,64.59,64.01,63.4,529529.19,-0.09,-0.14,63.47,62.508,63.286,529590.64,643174.22,777068.97
2018-05-14,63.7,64.58,64.1,63.5,683709.19,1.0,1.58,63.284,62.197,63.394,658628.92,850507.55,773911.79
2018-05-11,63.58,63.66,63.1,62.81,452105.5,-0.08,-0.13,62.702,62.102,63.525,687776.65,866292.01,766951.46
2018-05-10,63.3,63.75,63.18,62.61,498178.31,0.23,0.36,62.22,62.341,63.753,685672.9,868864.22,780392.4
2018-05-09,63.1,63.4,62.96,62.52,484431.0,-0.12,-0.19,61.864,62.679,64.006,711862.31,909741.8,800740.47
2018-05-08,61.36,63.88,63.08,61.24,1174720.62,1.89,3.09,61.546,62.884,64.157,756757.8,915745.37,812326.07
2018-05-07,60.55,61.47,61.19,59.71,829447.81,0.48,0.79,61.11,62.99,64.231,1042386.18,858607.38,787589.51
2018-05-04,61.33,61.64,60.69,60.64,441586.75,-0.75,-1.22,61.502,63.319,64.399,1044807.38,848309.98,776320.65
2018-05-03,60.88,61.58,61.4,59.9,629125.38,0.06,0.1,62.462,63.596,64.599,1052055.55,880635.85,794519.27
2018-05-02,61.36,61.79,61.37,60.75,708908.44,0.48,0.79,63.494,63.771,64.793,1107621.29,900890.6,805164.13
2018-04-27,63.55,63.73,60.9,58.34,2602862.5,-2.22,-3.52,64.222,64.064,65.044,1074732.94,910963.71,842845.99
2018-04-26,65.68,65.89,63.15,62.81,841553.81,-2.35,-3.59,64.87,64.59,65.27,674828.59,697316.04,783742.26
2018-04-25,66.04,66.46,65.49,65.31,477827.62,-1.07,-1.61,65.136,64.947,65.522,651812.57,667610.91,793660.58
2018-04-24,65.4,67.06,66.56,65.28,906954.06,1.57,2.42,64.73,65.164,65.659,709216.15,691920.58,838818.46
2018-04-23,64.15,65.16,65.01,63.78,544466.69,0.86,1.34,64.048,65.333,65.847,694159.91,691739.14,867818.5
2018-04-20,64.2,64.87,64.14,63.51,603340.75,-0.34,-0.53,63.906,65.43,66.239,747194.49,708906.76,885739.04
2018-04-19,63.9,64.95,64.48,63.66,726473.75,0.97,1.53,64.31,65.471,66.725,719803.49,716571.64,923946.3
2018-04-18,63.78,63.95,63.46,62.6,764845.5,0.33,0.52,64.758,65.479,67.206,683409.24,704331.33,920611.53
2018-04-17,64.44,64.86,63.15,62.83,831672.88,-1.15,-1.79,65.598,65.601,67.724,674625.0,708402.69,928594.25
2018-04-16,66.01,66.66,64.3,63.88,809639.56,-1.88,-2.84,66.618,65.815,68.091,689318.37,709437.65,922076.92
2018-04-13,67.43,67.45,66.16,66.05,466385.75,-0.56,-0.84,66.954,66.024,68.401,670619.04,774728.27,912950.48
2018-04-12,67.91,67.97,66.72,66.69,544502.5,-0.95,-1.4,66.632,65.949,68.533,713339.79,870168.48,915369.23
2018-04-11,68.3,68.57,67.66,67.48,720924.31,-0.59,-0.86,66.2,66.096,68.67,725253.43,919710.26,918618.72
2018-04-10,65.69,68.4,68.25,65.39,905139.75,2.29,3.47,65.604,66.154,68.842,742180.38,985716.35,911740.08
2018-04-09,64.99,65.99,65.98,64.05,716142.88,1.43,2.21,65.012,66.36,68.974,729556.93,1043897.86,890294.19
2018-04-04,64.9,65.58,64.55,63.98,679989.5,0.04,0.06,65.094,67.047,69.204,878837.5,1062571.33,889121.13
2018-04-03,63.95,64.95,64.56,63.84,604070.69,-0.1,-0.15,65.266,67.978,69.413,1026997.18,1131320.96,884649.41
2018-04-02,64.25,66.25,64.68,64.22,805559.06,-0.63,-0.96,65.992,68.932,69.655,1114167.09,1136891.73,887299.73
2018-03-30,66.01,66.27,65.29,64.8,842022.5,-1.1,-1.66,66.704,69.846,69.815,1229252.33,1148785.81,877512.97
2018-03-29,65.42,67.28,66.39,63.51,1462545.75,0.99,1.51,67.708,70.367,69.934,1358238.8,1134716.18,864483.81
2018-03-28,67.0,67.68,65.41,64.88,1420787.88,-2.75,-4.04,69.0,70.778,70.061,1246305.15,1051172.7,824521.33
2018-03-27,69.58,69.66,68.19,67.5,1039920.25,-0.09,-0.13,70.69,71.117,70.177,1235644.75,960569.99,792590.46
2018-03-26,69.2,69.97,68.24,66.98,1380985.25,-2.06,-2.93,71.872,71.243,70.257,1159616.38,917527.19,779644.19
2018-03-23,70.0,70.77,70.31,69.42,1486954.88,-2.57,-3.53,72.988,71.53,70.385,1068319.29,837763.81,745286.97
2018-03-22,73.51,74.17,72.85,71.68,902877.5,-0.97,-1.31,73.026,71.588,70.403,911193.56,736690.52,698739.78
2018-03-21,76.7,76.71,73.86,73.03,1367485.88,-0.23,-0.31,72.556,71.36,70.249,856040.24,715670.94,692778.41
2018-03-20,73.1,74.19,74.1,72.7,659778.38,0.29,0.39,71.544,70.848,70.0,685495.22,637977.85,656729.21
2018-03-19,70.89,73.88,73.82,70.48,924499.81,3.31,4.69,70.614,70.377,69.647,675437.99,637707.73,681138.15
2018-03-16,70.7,71.95,70.5,70.45,701326.25,0.01,0.01,70.072,69.783,69.203,607208.33,606240.13,686393.75
2018-03-15,68.41,70.7,70.5,68.4,627110.88,1.68,2.44,70.15,69.5,68.901,562187.48,594251.44,775928.92
2018-03-14,68.85,69.2,68.8,68.26,514760.78,-0.62,-0.89,70.164,69.344,68.824,575301.63,597869.97,821078.82
2018-03-13,71.2,71.35,69.45,69.18,609492.25,-1.67,-2.35,70.152,69.236,68.95,590460.47,624610.94,882732.83
2018-03-12,71.6,71.86,71.11,70.6,583351.5,0.22,0.31,70.14,69.271,69.165,599977.47,641761.19,954741.56
2018-03-09,71.0,71.46,70.89,70.31,476222.0,0.35,0.5,69.494,69.24,69.394,605271.94,652810.14,972976.71
2018-03-08,69.06,70.84,70.57,68.76,692681.62,1.79,2.6,68.85,69.217,69.65,626315.4,660789.04,999544.78
2018-03-07,68.98,70.18,68.74,68.18,590555.0,-0.58,-0.84,68.524,69.137,69.897,620438.31,669885.88,1035698.84
2018-03-06,68.4,69.39,69.39,67.4,657077.25,1.51,2.23,68.32,69.152,70.214,658761.4,675480.57,1052907.4
2018-03-05,67.66,68.59,67.88,67.0,609823.81,0.2,0.3,68.402,68.917,70.412,683544.91,724568.57,1063444.39
2018-03-02,68.0,68.66,67.67,67.45,581439.31,-1.26,-1.83,68.986,68.623,70.686,700348.34,766547.36,1108845.37
2018-03-01,67.18,69.38,68.94,66.88,663296.19,1.18,1.74,69.584,68.301,71.109,695262.69,957606.41,1136050.73
2018-02-28,69.2,69.24,67.72,67.7,782170.44,-2.09,-2.99,69.75,68.304,71.424,719333.45,1044287.68,1164605.75
2018-02-27,71.02,71.19,69.8,69.47,780994.81,-1.0,-1.41,69.984,68.664,71.863,692199.74,1140854.72,1209954.28
2018-02-26,70.99,71.58,70.8,69.6,693840.94,0.16,0.23,69.432,69.058,72.314,765592.23,1267721.93,1266899.46
2018-02-23,70.25,71.46,70.66,69.83,556011.06,0.89,1.28,68.26,69.547,72.714,832746.39,1293143.28,1293001.55
2018-02-22,70.23,70.42,69.77,69.23,783650.0,0.88,1.28,67.018,70.083,73.061,1219950.13,1338300.51,1342891.46
2018-02-14,67.5,69.19,68.89,67.2,646501.88,1.87,2.79,66.858,70.656,73.46,1369241.9,1401511.8,1407432.52
2018-02-13,66.2,68.35,67.04,66.06,1147957.25,2.08,3.2,67.344,71.275,73.884,1589509.7,1430334.24,1445786.14
2018-02-12,64.66,65.65,64.94,64.0,1029611.75,0.51,0.79,68.684,71.906,74.424,1769851.63,1402320.21,1463470.43
2018-02-09,66.5,66.97,64.45,62.2,2492029.75,-4.54,-6.58,70.834,72.749,75.061,1753540.17,1451143.38,1512319.77
2018-02-08,70.61,71.5,68.97,68.37,1530108.88,-2.41,-3.38,73.148,73.916,75.56,1456650.89,1314495.06,1451851.44
2018-02-07,74.6,74.65,71.32,70.5,1747840.88,-2.45,-3.32,74.454,74.544,75.745,1433781.69,1284923.82,1430160.44
2018-02-06,73.85,74.7,73.74,72.5,2049666.88,-1.97,-2.6,75.206,75.062,75.766,1271158.78,1279053.83,1384174.55
2018-02-05,74.4,75.95,75.69,74.3,948054.44,-0.32,-0.42,75.128,75.57,75.672,1034788.79,1266076.98,1343665.76
2018-02-02,74.87,76.38,76.02,74.13,1007583.38,0.54,0.71,74.664,75.881,75.386,1148746.6,1292859.83,1357699.51
2018-02-01,75.0,75.6,75.5,74.05,1415762.88,0.42,0.56,74.684,76.039,75.128,1172339.23,1347482.4,1345924.13
2018-01-31,72.65,75.15,75.08,72.52,934726.31,1.7,2.32,74.634,76.263,74.913,1136065.95,1413353.25,1328193.88
2018-01-30,72.9,74.36,73.35,72.8,867816.94,-0.01,-0.01,74.918,76.492,74.709,1286948.89,1461238.03,1371160.31
2018-01-29,76.66,76.7,73.37,72.89,1517843.5,-2.73,-3.59,76.012,76.942,74.672,1497365.18,1524620.65,1389577.62
2018-01-26,75.3,76.85,76.12,75.21,1125546.5,0.83,1.1,77.098,77.373,74.503,1436973.05,1573496.16,1365686.35
2018-01-25,75.93,75.99,75.25,74.8,1234396.5,-1.19,-1.56,77.394,77.203,74.222,1522625.58,1589207.81,1365953.34
2018-01-24,79.0,79.44,76.5,76.38,1689141.0,-2.26,-2.87,77.892,76.945,73.978,1690640.55,1575397.06,1379575.24
2018-01-23,80.3,81.28,78.82,78.29,1919898.38,0.08,0.1,78.066,76.469,73.849,1635527.18,1489295.26,1336732.67
2018-01-22,77.11,79.2,78.8,77.05,1215882.88,1.21,1.56,77.872,75.773,73.617,1551876.12,1421254.54,1296236.7
2018-01-19,78.3,79.06,77.6,76.89,1553809.12,-0.01,-0.01,77.648,74.891,73.381,1710019.27,1422539.2,1271418.88
2018-01-18,78.56,80.11,77.74,77.08,2074471.38,0.4,0.52,77.012,74.217,73.244,1655790.05,1344365.87,1240463.81
2018-01-17,78.1,79.35,77.37,76.5,1413574.12,-0.44,-0.56,75.998,73.562,73.055,1460153.57,1243034.52,1183709.38
2018-01-16,77.68,79.48,77.85,77.2,1501643.12,0.2,0.26,74.872,72.925,72.867,1343063.35,1281082.59,1176559.83
2018-01-15,75.35,78.5,77.68,75.35,2006598.62,3.27,4.39,73.674,72.402,72.508,1290632.95,1254534.59,1135433.52
2018-01-12,72.66,74.5,74.42,72.33,1282663.0,1.77,2.44,72.134,71.633,72.142,1135059.12,1157876.53,1071880.95
2018-01-11,71.05,73.12,72.67,71.0,1096289.0,0.95,1.32,71.422,71.241,71.973,1032941.69,1142698.87,1041557.15
2018-01-10,71.6,71.87,71.74,70.71,828123.0,-0.13,-0.18,71.126,71.01,71.946,1025915.46,1183753.42,1029998.59
2018-01-09,70.3,72.08,71.86,70.03,1239491.12,1.85,2.64,70.978,71.229,71.918,1219101.84,1184170.07,1027487.48
2018-01-08,70.79,70.79,69.98,69.32,1228729.5,-0.91,-1.28,71.13,71.461,71.989,1218436.24,1171218.86,1022509.29
2018-01-05,71.59,71.88,70.86,70.45,772075.81,-0.32,-0.45,71.132,71.87,72.065,1180693.94,1120298.56,1015854.43
2018-01-04,71.02,72.2,71.19,70.55,1061157.88,0.22,0.31,71.06,72.271,71.954,1252456.05,1136561.75,1020235.82
2018-01-03,73.4,73.9,71.0,70.11,1794054.88,-1.59,-2.19,70.894,72.547,71.865,1341591.38,1124384.25,1029458.3
2018-01-02,70.21,72.8,72.62,70.18,1236163.12,2.64,3.77,71.48,72.808,71.875,1149238.3,1072037.06,1024382.53
2017-12-29,71.09,71.53,69.99,69.5,1040018.0,-0.6,-0.85,71.792,72.614,71.714,1124001.48,1016332.45,1020538.53
2017-12-28,70.3,71.42,70.5,69.67,1130886.38,0.15,0.21,72.608,72.65,71.62,1059903.19,985885.38,1038189.93
2017-12-27,73.45,73.45,70.36,70.02,1506834.5,-3.58,-4.84,73.482,72.705,71.592,1020667.45,940415.43,1039832.27
2017-12-26,74.11,74.56,73.93,72.88,832289.5,-0.23,-0.31,74.2,72.881,71.695,907177.13,876243.76,1008240.77
2017-12-25,74.06,76.17,74.18,73.37,1109979.0,0.16,0.22,74.136,72.606,71.633,994835.83,870804.89,1005949.78
2017-12-22,74.8,75.2,74.07,73.63,719526.56,-0.84,-1.12,73.436,72.517,71.602,908663.43,873799.73,1032312.45
2017-12-21,73.64,75.58,74.87,73.21,934707.69,0.93,1.26,72.692,72.26,71.629,911867.56,911410.3,1062228.31
2017-12-20,73.49,74.59,73.95,73.08,939382.88,0.37,0.5,71.928,71.636,71.603,860163.41,903909.88,1094303.47
2017-12-19,70.91,73.63,73.61,70.71,1270583.0,2.94,4.16,71.562,71.183,71.783,845310.4,934532.34,1112008.72
2017-12-18,70.21,71.93,70.68,70.21,679117.0,0.3,0.43,71.076,70.941,72.022,746773.95,976727.99,1120758.04
2017-12-15,70.69,71.44,70.35,70.05,735547.25,-0.66,-0.93,71.598,70.813,72.275,838936.03,1024744.61,1143866.25
2017-12-14,72.12,72.16,71.05,70.6,676186.94,-1.07,-1.48,71.828,70.59,72.521,910953.03,1090494.48,1186108.57
2017-12-13,71.21,72.62,72.12,70.2,865117.81,0.91,1.28,71.344,70.478,72.624,947656.35,1139249.1,1210487.45
2017-12-12,73.25,73.56,71.18,71.17,777900.75,-2.07,-2.83,70.804,70.508,72.478,1023754.29,1140237.78,1217704.56
2017-12-11,71.2,73.31,73.29,70.82,1139927.38,1.8,2.52,70.806,70.659,72.441,1206682.04,1141094.67,1218896.93
2017-12-08,68.94,71.86,71.5,68.66,1095632.25,2.86,4.17,70.028,70.686,72.286,1210553.19,1190825.17,1199510.92
2017-12-07,69.35,69.81,68.63,67.6,859703.56,-0.77,-1.11,69.352,70.998,72.206,1270035.94,1213046.32,1207432.33
2017-12-06,70.9,71.1,69.42,68.0,1245607.5,-1.78,-2.5,69.612,71.57,72.093,1330841.85,1284697.05,1199880.61
2017-12-05,68.9,71.5,71.19,68.78,1692539.5,1.8,2.59,70.212,72.382,71.853,1256721.27,1289485.1,1180991.28
2017-12-04,67.6,70.35,69.4,67.37,1159283.12,1.3,1.91,70.512,73.102,71.562,1075507.3,1264788.09,1155042.6
2017-12-01,69.65,70.18,68.12,67.91,1393046.0,-1.8,-2.57,71.344,73.736,71.292,1171097.15,1262987.89,1142506.95
2017-11-30,71.37,71.67,69.93,69.55,1163733.12,-2.49,-3.44,72.644,74.452,71.109,1156056.7,1281722.66,1106926.63
2017-11-29,73.54,74.19,72.42,71.26,875004.62,-0.31,-0.43,73.528,74.769,70.819,1238552.25,1281725.8,1089987.3
2017-11-28,72.7,73.54,72.69,71.88,786469.62,-0.86,-1.17,74.552,74.447,70.404,1322248.93,1295171.33,1096293.03
2017-11-27,74.7,74.9,73.56,71.55,1637232.38,-1.06,-1.42,75.692,74.222,69.988,1454068.88,1296699.2,1082652.64
2017-11-24,74.15,75.46,74.62,72.71,1317843.75,0.3,0.4,76.128,73.885,69.513,1354878.63,1208196.68,1059982.59
2017-11-23,76.6,78.44,74.35,73.7,1576210.88,-3.1,-4.0,76.26,73.413,68.978,1407388.63,1201818.34,1037933.45
2017-11-22,79.5,79.96,77.54,76.58,1293488.0,-0.9,-1.15,76.01,72.616,68.33,1324899.35,1115064.18,1000964.96
2017-11-21,75.13,79.68,78.39,75.13,1445569.38,2.68,3.54,74.342,71.323,67.457,1268093.74,1072497.46,955613.41
2017-11-20,74.78,76.49,75.74,74.07,1141281.12,0.47,0.62,72.752,70.021,66.548,1139329.51,1045297.11,918601.76
2017-11-17,72.7,75.32,75.28,71.8,1580393.75,2.27,3.11,71.642,68.848,65.755,1061514.73,1022026.01,887157.29
2017-11-16,68.8,73.11,73.1,68.75,1163764.5,3.9,5.64,70.566,67.765,64.942,996248.05,932130.61,830981.68
2017-11-15,69.98,70.43,69.2,68.59,1009459.94,-1.22,-1.73,69.222,66.869,64.266,905229.0,898248.81,809850.4
2017-11-14,70.69,71.29,70.44,69.77,801748.25,0.29,0.41,68.304,66.361,63.755,876901.18,897414.72,794896.38
2017-11-13,70.1,70.57,70.19,69.48,752207.19,0.3,0.43,67.29,65.753,63.403,951264.7,868606.08,794535.75
2017-11-10,66.0,69.95,69.9,65.93,1254060.38,3.57,5.38,66.054,65.14,63.026,982537.29,911768.51,796887.34
2017-11-09,64.5,66.39,66.38,64.4,708669.25,1.77,2.74,64.964,64.543,62.622,868013.16,874048.57,769994.81
2017-11-08,65.4,66.35,64.61,64.32,867820.81,-0.76,-1.16,64.516,64.044,62.387,891268.61,886865.74,773827.65
2017-11-07,64.3,66.57,65.37,64.3,1173565.88,1.36,2.12,64.418,63.591,62.239,917928.26,838729.35,767561.44
2017-11-06,64.69,64.7,64.01,62.92,908570.12,-0.44,-0.68,64.216,63.074,62.015,785947.46,791906.41,738561.13
2017-11-03,64.0,64.84,64.45,63.48,681439.75,0.31,0.48,64.226,62.661,61.862,840999.74,752288.57,725483.51
2017-11-02,64.2,64.39,64.14,63.0,824946.5,0.02,0.03,64.122,62.118,61.646,880083.98,729832.75,729153.82
2017-11-01,64.47,66.28,64.12,63.72,1001119.06,-0.24,-0.37,63.572,61.663,61.419,882462.86,721451.99,720445.4
2017-10-31,63.5,64.5,64.36,63.31,513661.88,0.3,0.47,62.764,61.149,61.149,759530.45,692378.03,692378.03
2017-10-30,64.0,65.3,64.06,63.13,1183831.5,0.13,0.2,61.932,60.792,60.792,797865.36,712235.38,712235.38
2017-10-27,61.5,63.98,63.93,61.48,876860.94,2.54,4.14,61.096,60.384,60.384,663577.41,653285.87,653285.87
2017-10-26,60.0,62.26,61.39,59.86,836840.94,1.31,2.18,60.114,59.877,59.877,579581.51,621346.57,621346.57
2017-10-25,60.1,60.44,60.08,59.71,386456.97,-0.12,-0.2,59.754,59.625,59.625,560441.11,585430.85,585430.85
2017-10-24,59.77,61.06,60.2,59.63,705336.44,0.32,0.53,59.534,59.534,59.534,625225.62,625225.62,625225.62
2017-10-23,59.73,60.18,59.88,59.2,512391.75,0.86,1.46,59.368,59.368,59.368,605197.92,605197.92,605197.92
2017-10-20,59.0,59.45,59.02,58.64,456881.47,-0.57,-0.96,59.197,59.197,59.197,636133.3,636133.3,636133.3
2017-10-19,59.06,59.95,59.59,58.8,741138.94,0.61,1.03,59.285,59.285,59.285,725759.22,725759.22,725759.22
2017-10-18,58.06,59.03,58.98,57.87,710379.5,1.04,1.79,58.98,58.98,58.98,710379.5,710379.5,710379.5
